dataset,goal,model,tuner,iteration,y_pred,y_true
project1456.csv,0,DecisionTreeRegressor,GridSearchCV,0,7.0,25
project1456.csv,0,DecisionTreeRegressor,GridSearchCV,1,16.0,25
project1456.csv,0,DecisionTreeRegressor,GridSearchCV,2,7.0,22
project1456.csv,0,DecisionTreeRegressor,GridSearchCV,3,22.0,38
project1456.csv,0,DecisionTreeRegressor,GridSearchCV,4,22.0,15
project1456.csv,0,DecisionTreeRegressor,GridSearchCV,5,25.0,17
project1456.csv,0,DecisionTreeRegressor,GridSearchCV,6,25.0,37
project1456.csv,0,DecisionTreeRegressor,GridSearchCV,7,23.8,28
project1456.csv,0,DecisionTreeRegressor,GridSearchCV,8,18.75,15
project1456.csv,0,DecisionTreeRegressor,GridSearchCV,9,28.333333333333332,26
project1456.csv,0,DecisionTreeRegressor,GridSearchCV,10,22.0,38
project1456.csv,0,DecisionTreeRegressor,GridSearchCV,11,37.0,8
project1456.csv,0,DecisionTreeRegressor,GridSearchCV,12,38.0,47
project1456.csv,0,DecisionTreeRegressor,GridSearchCV,13,26.23076923076923,39
project1456.csv,0,DecisionTreeRegressor,GridSearchCV,14,26.75,18
project1456.csv,0,DecisionTreeRegressor,GridSearchCV,15,25.0,35
project1456.csv,0,DecisionTreeRegressor,GridSearchCV,16,25.0,24
project1456.csv,0,DecisionTreeRegressor,GridSearchCV,17,24.842105263157894,3
project1456.csv,0,DecisionTreeRegressor,GridSearchCV,18,22.09090909090909,5
project1456.csv,0,DecisionTreeRegressor,GridSearchCV,19,37.0,12
project1456.csv,0,DecisionTreeRegressor,GridSearchCV,20,18.733333333333334,9
project1456.csv,0,DecisionTreeRegressor,GridSearchCV,21,16.866666666666667,5
project1456.csv,0,DecisionTreeRegressor,GridSearchCV,22,19.833333333333332,3
project1456.csv,0,DecisionTreeRegressor,GridSearchCV,23,26.0,24
project1456.csv,0,DecisionTreeRegressor,GridSearchCV,24,25.555555555555557,12
project1456.csv,0,DecisionTreeRegressor,GridSearchCV,25,24.842105263157894,30
project1456.csv,0,DecisionTreeRegressor,GridSearchCV,26,9.125,12
project1456.csv,0,DecisionTreeRegressor,GridSearchCV,27,33.285714285714285,41
project1456.csv,0,DecisionTreeRegressor,GridSearchCV,28,25.857142857142858,22
project1456.csv,0,DecisionTreeRegressor,GridSearchCV,29,25.681818181818183,34
project1456.csv,0,DecisionTreeRegressor,GridSearchCV,30,26.043478260869566,57
project1456.csv,0,DecisionTreeRegressor,GridSearchCV,31,20.3125,59
project1456.csv,0,DecisionTreeRegressor,GridSearchCV,32,9.625,19
project1456.csv,0,DecisionTreeRegressor,GridSearchCV,33,26.25,35
project1456.csv,0,DecisionTreeRegressor,GridSearchCV,34,17.642857142857142,48
project1456.csv,0,DecisionTreeRegressor,GridSearchCV,35,36.125,43
project1456.csv,0,DecisionTreeRegressor,GridSearchCV,36,36.888888888888886,41
project1456.csv,0,DecisionTreeRegressor,GridSearchCV,37,43.666666666666664,41
project1456.csv,0,DecisionTreeRegressor,GridSearchCV,38,37.3,31
project1456.csv,0,DecisionTreeRegressor,GridSearchCV,39,9.0,8
project1456.csv,0,DecisionTreeRegressor,GridSearchCV,40,22.77777777777778,5
project1456.csv,0,DecisionTreeRegressor,GridSearchCV,41,8.88888888888889,22
project1456.csv,0,DecisionTreeRegressor,GridSearchCV,42,43.0,27
project1456.csv,0,DecisionTreeRegressor,GridSearchCV,43,39.8,49
project1456.csv,0,DecisionTreeRegressor,GridSearchCV,44,34.733333333333334,38
project1456.csv,0,DecisionTreeRegressor,GridSearchCV,45,34.9375,70
project1456.csv,0,DecisionTreeRegressor,GridSearchCV,46,44.5,23
project1456.csv,0,DecisionTreeRegressor,GridSearchCV,47,35.0,9
project1456.csv,0,DecisionTreeRegressor,GridSearchCV,48,20.53125,13
project1456.csv,0,DecisionTreeRegressor,GridSearchCV,49,22.714285714285715,7
project1456.csv,0,DecisionTreeRegressor,GridSearchCV,50,36.22222222222222,53
project1456.csv,0,DecisionTreeRegressor,GridSearchCV,51,18.666666666666668,26
project1456.csv,0,DecisionTreeRegressor,GridSearchCV,52,20.085714285714285,17
project1456.csv,0,DecisionTreeRegressor,GridSearchCV,53,20.0,16
project1456.csv,0,DecisionTreeRegressor,GridSearchCV,54,19.333333333333332,19
project1456.csv,0,DecisionTreeRegressor,GridSearchCV,55,19.86842105263158,3
project1457.csv,0,DecisionTreeRegressor,GridSearchCV,0,11.0,11
project1457.csv,0,DecisionTreeRegressor,GridSearchCV,1,11.0,29
project1457.csv,0,DecisionTreeRegressor,GridSearchCV,2,11.0,68
project1457.csv,0,DecisionTreeRegressor,GridSearchCV,3,81.5,23
project1457.csv,0,DecisionTreeRegressor,GridSearchCV,4,23.0,12
project1457.csv,0,DecisionTreeRegressor,GridSearchCV,5,25.666666666666668,218
project1457.csv,0,DecisionTreeRegressor,GridSearchCV,6,53.142857142857146,150
project1457.csv,0,DecisionTreeRegressor,GridSearchCV,7,35.57142857142857,18
project1457.csv,0,DecisionTreeRegressor,GridSearchCV,8,68.0,48
project1457.csv,0,DecisionTreeRegressor,GridSearchCV,9,218.0,225
project1457.csv,0,DecisionTreeRegressor,GridSearchCV,10,218.0,335
project1457.csv,0,DecisionTreeRegressor,GridSearchCV,11,218.0,340
project1457.csv,0,DecisionTreeRegressor,GridSearchCV,12,340.0,102
project1457.csv,0,DecisionTreeRegressor,GridSearchCV,13,335.0,128
project1457.csv,0,DecisionTreeRegressor,GridSearchCV,14,95.0,30
project1457.csv,0,DecisionTreeRegressor,GridSearchCV,15,48.0,25
project1457.csv,0,DecisionTreeRegressor,GridSearchCV,16,218.0,31
project1457.csv,0,DecisionTreeRegressor,GridSearchCV,17,52.06666666666667,48
project1457.csv,0,DecisionTreeRegressor,GridSearchCV,18,88.8,4
project1457.csv,0,DecisionTreeRegressor,GridSearchCV,19,67.15789473684211,14
project1457.csv,0,DecisionTreeRegressor,GridSearchCV,20,47.05555555555556,15
project1457.csv,0,DecisionTreeRegressor,GridSearchCV,21,45.36842105263158,1
project1457.csv,0,DecisionTreeRegressor,GridSearchCV,22,30.0,6
project1457.csv,0,DecisionTreeRegressor,GridSearchCV,23,32.833333333333336,5
project1457.csv,0,DecisionTreeRegressor,GridSearchCV,24,28.894736842105264,5
project1457.csv,0,DecisionTreeRegressor,GridSearchCV,25,48.0,4
project1457.csv,0,DecisionTreeRegressor,GridSearchCV,26,6.0,142
project1457.csv,0,DecisionTreeRegressor,GridSearchCV,27,337.5,165
project1457.csv,0,DecisionTreeRegressor,GridSearchCV,28,76.25,34
project1457.csv,0,DecisionTreeRegressor,GridSearchCV,29,40.73076923076923,67
project1457.csv,0,DecisionTreeRegressor,GridSearchCV,30,335.0,43
project1457.csv,0,DecisionTreeRegressor,GridSearchCV,31,144.66666666666666,33
project1457.csv,0,DecisionTreeRegressor,GridSearchCV,32,124.0625,39
project1457.csv,0,DecisionTreeRegressor,GridSearchCV,33,264.5,20
project1457.csv,0,DecisionTreeRegressor,GridSearchCV,34,51.63636363636363,9
project1457.csv,0,DecisionTreeRegressor,GridSearchCV,35,20.0,14
project1457.csv,0,DecisionTreeRegressor,GridSearchCV,36,47.61538461538461,13
project1457.csv,0,DecisionTreeRegressor,GridSearchCV,37,13.0,33
project1457.csv,0,DecisionTreeRegressor,GridSearchCV,38,20.0,13
project1457.csv,0,DecisionTreeRegressor,GridSearchCV,39,67.0,12
project1457.csv,0,DecisionTreeRegressor,GridSearchCV,40,44.36666666666667,21
project1457.csv,0,DecisionTreeRegressor,GridSearchCV,41,30.666666666666668,39
project1457.csv,0,DecisionTreeRegressor,GridSearchCV,42,137.66666666666666,44
project1457.csv,0,DecisionTreeRegressor,GridSearchCV,43,98.14285714285714,32
project1457.csv,0,DecisionTreeRegressor,GridSearchCV,44,32.0,34
project1457.csv,0,DecisionTreeRegressor,GridSearchCV,45,33.375,65
project1457.csv,0,DecisionTreeRegressor,GridSearchCV,46,142.0,18
project1473.csv,0,DecisionTreeRegressor,GridSearchCV,0,45.0,57
project1473.csv,0,DecisionTreeRegressor,GridSearchCV,1,69.5,30
project1473.csv,0,DecisionTreeRegressor,GridSearchCV,2,30.0,36
project1473.csv,0,DecisionTreeRegressor,GridSearchCV,3,30.0,48
project1473.csv,0,DecisionTreeRegressor,GridSearchCV,4,36.0,48
project1473.csv,0,DecisionTreeRegressor,GridSearchCV,5,44.0,28
project1473.csv,0,DecisionTreeRegressor,GridSearchCV,6,41.714285714285715,23
project1473.csv,0,DecisionTreeRegressor,GridSearchCV,7,39.375,47
project1473.csv,0,DecisionTreeRegressor,GridSearchCV,8,38.125,45
project1473.csv,0,DecisionTreeRegressor,GridSearchCV,9,47.0,39
project1473.csv,0,DecisionTreeRegressor,GridSearchCV,10,40.1,13
project1473.csv,0,DecisionTreeRegressor,GridSearchCV,11,13.0,21
project1473.csv,0,DecisionTreeRegressor,GridSearchCV,12,39.0,29
project1473.csv,0,DecisionTreeRegressor,GridSearchCV,13,29.666666666666668,11
project1473.csv,0,DecisionTreeRegressor,GridSearchCV,14,27.8,9
project1473.csv,0,DecisionTreeRegressor,GridSearchCV,15,47.0,25
project1473.csv,0,DecisionTreeRegressor,GridSearchCV,16,13.0,8
project1473.csv,0,DecisionTreeRegressor,GridSearchCV,17,30.0,11
project1473.csv,0,DecisionTreeRegressor,GridSearchCV,18,8.0,5
project1473.csv,0,DecisionTreeRegressor,GridSearchCV,19,20.25,9
project1473.csv,0,DecisionTreeRegressor,GridSearchCV,20,5.0,6
project1473.csv,0,DecisionTreeRegressor,GridSearchCV,21,29.0,9
project1473.csv,0,DecisionTreeRegressor,GridSearchCV,22,30.0,17
project1473.csv,0,DecisionTreeRegressor,GridSearchCV,23,38.46153846153846,10
project1473.csv,0,DecisionTreeRegressor,GridSearchCV,24,9.0,4
project1473.csv,0,DecisionTreeRegressor,GridSearchCV,25,30.0,0
project1473.csv,0,DecisionTreeRegressor,GridSearchCV,26,57.0,9
project1473.csv,0,DecisionTreeRegressor,GridSearchCV,27,19.130434782608695,26
project1473.csv,0,DecisionTreeRegressor,GridSearchCV,28,12.666666666666666,10
project1473.csv,0,DecisionTreeRegressor,GridSearchCV,29,14.0625,15
project1473.csv,0,DecisionTreeRegressor,GridSearchCV,30,10.866666666666667,11
project1473.csv,0,DecisionTreeRegressor,GridSearchCV,31,12.61111111111111,0
project1473.csv,0,DecisionTreeRegressor,GridSearchCV,32,22.142857142857142,11
project1473.csv,0,DecisionTreeRegressor,GridSearchCV,33,0.0,0
project1473.csv,0,DecisionTreeRegressor,GridSearchCV,34,29.6,75
project1473.csv,0,DecisionTreeRegressor,GridSearchCV,35,11.9,8
project1473.csv,0,DecisionTreeRegressor,GridSearchCV,36,11.714285714285714,133
project1473.csv,0,DecisionTreeRegressor,GridSearchCV,37,29.0,24
project1473.csv,0,DecisionTreeRegressor,GridSearchCV,38,30.666666666666668,9
project1473.csv,0,DecisionTreeRegressor,GridSearchCV,39,30.88235294117647,14
project1473.csv,0,DecisionTreeRegressor,GridSearchCV,40,47.583333333333336,21
project1473.csv,0,DecisionTreeRegressor,GridSearchCV,41,23.833333333333332,11
project1473.csv,0,DecisionTreeRegressor,GridSearchCV,42,25.363636363636363,5
project1473.csv,0,DecisionTreeRegressor,GridSearchCV,43,75.0,3
project1473.csv,0,DecisionTreeRegressor,GridSearchCV,44,15.53125,6
project1473.csv,0,DecisionTreeRegressor,GridSearchCV,45,12.91304347826087,8
project1474.csv,0,DecisionTreeRegressor,GridSearchCV,0,28.0,42
project1474.csv,0,DecisionTreeRegressor,GridSearchCV,1,35.0,12
project1474.csv,0,DecisionTreeRegressor,GridSearchCV,2,42.0,228
project1474.csv,0,DecisionTreeRegressor,GridSearchCV,3,42.0,112
project1474.csv,0,DecisionTreeRegressor,GridSearchCV,4,12.0,17
project1474.csv,0,DecisionTreeRegressor,GridSearchCV,5,36.833333333333336,74
project1474.csv,0,DecisionTreeRegressor,GridSearchCV,6,73.28571428571429,167
project1474.csv,0,DecisionTreeRegressor,GridSearchCV,7,17.0,133
project1474.csv,0,DecisionTreeRegressor,GridSearchCV,8,228.0,219
project1474.csv,0,DecisionTreeRegressor,GridSearchCV,9,133.0,260
project1474.csv,0,DecisionTreeRegressor,GridSearchCV,10,167.0,221
project1474.csv,0,DecisionTreeRegressor,GridSearchCV,11,219.0,220
project1474.csv,0,DecisionTreeRegressor,GridSearchCV,12,71.88888888888889,274
project1474.csv,0,DecisionTreeRegressor,GridSearchCV,13,260.0,85
project1474.csv,0,DecisionTreeRegressor,GridSearchCV,14,85.0,134
project1474.csv,0,DecisionTreeRegressor,GridSearchCV,15,274.0,332
project1474.csv,0,DecisionTreeRegressor,GridSearchCV,16,167.0,385
project1474.csv,0,DecisionTreeRegressor,GridSearchCV,17,260.0,174
project1474.csv,0,DecisionTreeRegressor,GridSearchCV,18,221.0,44
project1474.csv,0,DecisionTreeRegressor,GridSearchCV,19,274.0,17
project1474.csv,0,DecisionTreeRegressor,GridSearchCV,20,17.0,95
project1474.csv,0,DecisionTreeRegressor,GridSearchCV,21,44.0,0
project1474.csv,0,DecisionTreeRegressor,GridSearchCV,22,12.0,6
project1474.csv,0,DecisionTreeRegressor,GridSearchCV,23,44.0,29
project1474.csv,0,DecisionTreeRegressor,GridSearchCV,24,43.0,12
project1474.csv,0,DecisionTreeRegressor,GridSearchCV,25,38.333333333333336,19
project1474.csv,0,DecisionTreeRegressor,GridSearchCV,26,257.3333333333333,181
project1474.csv,0,DecisionTreeRegressor,GridSearchCV,27,17.0,195
project1474.csv,0,DecisionTreeRegressor,GridSearchCV,28,147.1818181818182,126
project1474.csv,0,DecisionTreeRegressor,GridSearchCV,29,16.0,12
project1474.csv,0,DecisionTreeRegressor,GridSearchCV,30,23.46153846153846,13
project1474.csv,0,DecisionTreeRegressor,GridSearchCV,31,259.0,44
project1474.csv,0,DecisionTreeRegressor,GridSearchCV,32,32.888888888888886,90
project1474.csv,0,DecisionTreeRegressor,GridSearchCV,33,195.0,219
project1474.csv,0,DecisionTreeRegressor,GridSearchCV,34,40.94444444444444,142
project1474.csv,0,DecisionTreeRegressor,GridSearchCV,35,111.7,37
project1474.csv,0,DecisionTreeRegressor,GridSearchCV,36,85.0,20
project1474.csv,0,DecisionTreeRegressor,GridSearchCV,37,21.142857142857142,7
project1474.csv,0,DecisionTreeRegressor,GridSearchCV,38,20.2,4
project1474.csv,0,DecisionTreeRegressor,GridSearchCV,39,91.42857142857143,111
project1474.csv,0,DecisionTreeRegressor,GridSearchCV,40,93.875,40
project1474.csv,0,DecisionTreeRegressor,GridSearchCV,41,87.88888888888889,31
project1474.csv,0,DecisionTreeRegressor,GridSearchCV,42,19.1875,21
project1474.csv,0,DecisionTreeRegressor,GridSearchCV,43,226.5,57
project1474.csv,0,DecisionTreeRegressor,GridSearchCV,44,51.625,6
project1474.csv,0,DecisionTreeRegressor,GridSearchCV,45,30.65,54
project1480.csv,0,DecisionTreeRegressor,GridSearchCV,0,81.0,173
project1480.csv,0,DecisionTreeRegressor,GridSearchCV,1,131.0,110
project1480.csv,0,DecisionTreeRegressor,GridSearchCV,2,125.75,101
project1480.csv,0,DecisionTreeRegressor,GridSearchCV,3,125.75,73
project1480.csv,0,DecisionTreeRegressor,GridSearchCV,4,87.0,89
project1480.csv,0,DecisionTreeRegressor,GridSearchCV,5,105.2,113
project1480.csv,0,DecisionTreeRegressor,GridSearchCV,6,109.875,238
project1480.csv,0,DecisionTreeRegressor,GridSearchCV,7,109.875,196
project1480.csv,0,DecisionTreeRegressor,GridSearchCV,8,109.875,46
project1480.csv,0,DecisionTreeRegressor,GridSearchCV,9,102.77777777777777,54
project1480.csv,0,DecisionTreeRegressor,GridSearchCV,10,113.0,54
project1480.csv,0,DecisionTreeRegressor,GridSearchCV,11,54.0,87
project1480.csv,0,DecisionTreeRegressor,GridSearchCV,12,93.33333333333333,41
project1480.csv,0,DecisionTreeRegressor,GridSearchCV,13,89.3076923076923,37
project1480.csv,0,DecisionTreeRegressor,GridSearchCV,14,37.0,106
project1480.csv,0,DecisionTreeRegressor,GridSearchCV,15,87.0,62
project1480.csv,0,DecisionTreeRegressor,GridSearchCV,16,106.0,46
project1480.csv,0,DecisionTreeRegressor,GridSearchCV,17,46.0,31
project1480.csv,0,DecisionTreeRegressor,GridSearchCV,18,34.0,11
project1480.csv,0,DecisionTreeRegressor,GridSearchCV,19,37.0,5
project1480.csv,0,DecisionTreeRegressor,GridSearchCV,20,5.0,3
project1480.csv,0,DecisionTreeRegressor,GridSearchCV,21,37.0,3
project1480.csv,0,DecisionTreeRegressor,GridSearchCV,22,37.0,2
project1480.csv,0,DecisionTreeRegressor,GridSearchCV,23,2.0,0
project1480.csv,0,DecisionTreeRegressor,GridSearchCV,24,3.0,2
project1480.csv,0,DecisionTreeRegressor,GridSearchCV,25,0.0,0
project1480.csv,0,DecisionTreeRegressor,GridSearchCV,26,0.0,0
project1480.csv,0,DecisionTreeRegressor,GridSearchCV,27,0.0,0
project1480.csv,0,DecisionTreeRegressor,GridSearchCV,28,3.0,1
project1480.csv,0,DecisionTreeRegressor,GridSearchCV,29,0.6666666666666666,0
project1480.csv,0,DecisionTreeRegressor,GridSearchCV,30,1.0,1
project1480.csv,0,DecisionTreeRegressor,GridSearchCV,31,1.0,0
project1480.csv,0,DecisionTreeRegressor,GridSearchCV,32,2.0,2
project1480.csv,0,DecisionTreeRegressor,GridSearchCV,33,0.0,0
project1480.csv,0,DecisionTreeRegressor,GridSearchCV,34,0.0,0
project1480.csv,0,DecisionTreeRegressor,GridSearchCV,35,0.0,0
project1480.csv,0,DecisionTreeRegressor,GridSearchCV,36,0.0,0
project1480.csv,0,DecisionTreeRegressor,GridSearchCV,37,0.0,0
project1480.csv,0,DecisionTreeRegressor,GridSearchCV,38,0.0,0
project1480.csv,0,DecisionTreeRegressor,GridSearchCV,39,2.0,5
project1480.csv,0,DecisionTreeRegressor,GridSearchCV,40,1.0,1
project1480.csv,0,DecisionTreeRegressor,GridSearchCV,41,0.0,6
project1481.csv,0,DecisionTreeRegressor,GridSearchCV,0,35.0,5
project1481.csv,0,DecisionTreeRegressor,GridSearchCV,1,35.0,2
project1481.csv,0,DecisionTreeRegressor,GridSearchCV,2,2.0,8
project1481.csv,0,DecisionTreeRegressor,GridSearchCV,3,35.0,72
project1481.csv,0,DecisionTreeRegressor,GridSearchCV,4,72.0,10
project1481.csv,0,DecisionTreeRegressor,GridSearchCV,5,0.0,0
project1481.csv,0,DecisionTreeRegressor,GridSearchCV,6,0.0,0
project1481.csv,0,DecisionTreeRegressor,GridSearchCV,7,8.0,10
project1481.csv,0,DecisionTreeRegressor,GridSearchCV,8,7.777777777777778,12
project1481.csv,0,DecisionTreeRegressor,GridSearchCV,9,31.333333333333332,8
project1481.csv,0,DecisionTreeRegressor,GridSearchCV,10,72.0,12
project1481.csv,0,DecisionTreeRegressor,GridSearchCV,11,8.363636363636363,0
project1481.csv,0,DecisionTreeRegressor,GridSearchCV,12,8.0,9
project1481.csv,0,DecisionTreeRegressor,GridSearchCV,13,0.0,0
project1481.csv,0,DecisionTreeRegressor,GridSearchCV,14,10.0,5
project1481.csv,0,DecisionTreeRegressor,GridSearchCV,15,10.0,1
project1481.csv,0,DecisionTreeRegressor,GridSearchCV,16,2.0,15
project1481.csv,0,DecisionTreeRegressor,GridSearchCV,17,0.0,1
project1481.csv,0,DecisionTreeRegressor,GridSearchCV,18,35.0,2
project1481.csv,0,DecisionTreeRegressor,GridSearchCV,19,0.0,0
project1481.csv,0,DecisionTreeRegressor,GridSearchCV,20,2.0,1
project1481.csv,0,DecisionTreeRegressor,GridSearchCV,21,15.0,2
project1481.csv,0,DecisionTreeRegressor,GridSearchCV,22,0.0,0
project1481.csv,0,DecisionTreeRegressor,GridSearchCV,23,0.0,1
project1481.csv,0,DecisionTreeRegressor,GridSearchCV,24,2.4210526315789473,9
project1481.csv,0,DecisionTreeRegressor,GridSearchCV,25,1.0,1
project1481.csv,0,DecisionTreeRegressor,GridSearchCV,26,1.3846153846153846,0
project1481.csv,0,DecisionTreeRegressor,GridSearchCV,27,1.3125,0
project1481.csv,0,DecisionTreeRegressor,GridSearchCV,28,2.090909090909091,0
project1481.csv,0,DecisionTreeRegressor,GridSearchCV,29,0.0,0
project1481.csv,0,DecisionTreeRegressor,GridSearchCV,30,0.0,0
project1481.csv,0,DecisionTreeRegressor,GridSearchCV,31,4.0,10
project1481.csv,0,DecisionTreeRegressor,GridSearchCV,32,0.4117647058823529,0
project1481.csv,0,DecisionTreeRegressor,GridSearchCV,33,6.1875,1
project1481.csv,0,DecisionTreeRegressor,GridSearchCV,34,0.3888888888888889,0
project1481.csv,0,DecisionTreeRegressor,GridSearchCV,35,0.375,0
project1481.csv,0,DecisionTreeRegressor,GridSearchCV,36,1.0,1
project1481.csv,0,DecisionTreeRegressor,GridSearchCV,37,0.0,0
project1481.csv,0,DecisionTreeRegressor,GridSearchCV,38,0.0,0
project1481.csv,0,DecisionTreeRegressor,GridSearchCV,39,1.2857142857142858,1
project1481.csv,0,DecisionTreeRegressor,GridSearchCV,40,1.25,5
project1481.csv,0,DecisionTreeRegressor,GridSearchCV,41,1.0,1
project1481.csv,0,DecisionTreeRegressor,GridSearchCV,42,1.2222222222222223,1
project1481.csv,0,DecisionTreeRegressor,GridSearchCV,43,8.583333333333334,28
project1481.csv,0,DecisionTreeRegressor,GridSearchCV,44,0.625,0
project1481.csv,0,DecisionTreeRegressor,GridSearchCV,45,0.0,0
project1481.csv,0,DecisionTreeRegressor,GridSearchCV,46,0.0,0
project1481.csv,0,DecisionTreeRegressor,GridSearchCV,47,0.21739130434782608,0
project1481.csv,0,DecisionTreeRegressor,GridSearchCV,48,0.0,0
project1481.csv,0,DecisionTreeRegressor,GridSearchCV,49,0.0,0
project1481.csv,0,DecisionTreeRegressor,GridSearchCV,50,0.0,0
project1481.csv,0,DecisionTreeRegressor,GridSearchCV,51,0.0,0
project1481.csv,0,DecisionTreeRegressor,GridSearchCV,52,9.0,2
project1481.csv,0,DecisionTreeRegressor,GridSearchCV,53,14.333333333333334,15
project1489.csv,0,DecisionTreeRegressor,GridSearchCV,0,56.0,8
project1489.csv,0,DecisionTreeRegressor,GridSearchCV,1,32.0,8
project1489.csv,0,DecisionTreeRegressor,GridSearchCV,2,8.0,3
project1489.csv,0,DecisionTreeRegressor,GridSearchCV,3,8.0,7
project1489.csv,0,DecisionTreeRegressor,GridSearchCV,4,16.4,9
project1489.csv,0,DecisionTreeRegressor,GridSearchCV,5,3.0,1
project1489.csv,0,DecisionTreeRegressor,GridSearchCV,6,6.0,11
project1489.csv,0,DecisionTreeRegressor,GridSearchCV,7,12.875,0
project1489.csv,0,DecisionTreeRegressor,GridSearchCV,8,1.0,13
project1489.csv,0,DecisionTreeRegressor,GridSearchCV,9,0.0,3
project1489.csv,0,DecisionTreeRegressor,GridSearchCV,10,13.0,6
project1489.csv,0,DecisionTreeRegressor,GridSearchCV,11,11.0,8
project1489.csv,0,DecisionTreeRegressor,GridSearchCV,12,1.0,0
project1489.csv,0,DecisionTreeRegressor,GridSearchCV,13,5.923076923076923,5
project1489.csv,0,DecisionTreeRegressor,GridSearchCV,14,5.857142857142857,2
project1489.csv,0,DecisionTreeRegressor,GridSearchCV,15,0.0,0
project1489.csv,0,DecisionTreeRegressor,GridSearchCV,16,3.0,1
project1489.csv,0,DecisionTreeRegressor,GridSearchCV,17,0.0,0
project1489.csv,0,DecisionTreeRegressor,GridSearchCV,18,5.0,1
project1489.csv,0,DecisionTreeRegressor,GridSearchCV,19,4.526315789473684,1
project1489.csv,0,DecisionTreeRegressor,GridSearchCV,20,6.809523809523809,5
project1489.csv,0,DecisionTreeRegressor,GridSearchCV,21,1.5,17
project1489.csv,0,DecisionTreeRegressor,GridSearchCV,22,2.0,0
project1489.csv,0,DecisionTreeRegressor,GridSearchCV,23,1.4,0
project1489.csv,0,DecisionTreeRegressor,GridSearchCV,24,3.4210526315789473,0
project1489.csv,0,DecisionTreeRegressor,GridSearchCV,25,8.0,27
project1489.csv,0,DecisionTreeRegressor,GridSearchCV,26,27.0,16
project1489.csv,0,DecisionTreeRegressor,GridSearchCV,27,2.0,3
project1489.csv,0,DecisionTreeRegressor,GridSearchCV,28,0.0,0
project1489.csv,0,DecisionTreeRegressor,GridSearchCV,29,1.0,10
project1489.csv,0,DecisionTreeRegressor,GridSearchCV,30,21.5,6
project1489.csv,0,DecisionTreeRegressor,GridSearchCV,31,8.75,6
project1489.csv,0,DecisionTreeRegressor,GridSearchCV,32,5.578947368421052,7
project1489.csv,0,DecisionTreeRegressor,GridSearchCV,33,0.0,0
project1489.csv,0,DecisionTreeRegressor,GridSearchCV,34,0.0,0
project1489.csv,0,DecisionTreeRegressor,GridSearchCV,35,0.0,0
project1489.csv,0,DecisionTreeRegressor,GridSearchCV,36,0.0,0
project1489.csv,0,DecisionTreeRegressor,GridSearchCV,37,8.0,2
project1489.csv,0,DecisionTreeRegressor,GridSearchCV,38,6.909090909090909,1
project1489.csv,0,DecisionTreeRegressor,GridSearchCV,39,2.263157894736842,0
project1489.csv,0,DecisionTreeRegressor,GridSearchCV,40,0.0,0
project1489.csv,0,DecisionTreeRegressor,GridSearchCV,41,6.416666666666667,1
project1489.csv,0,DecisionTreeRegressor,GridSearchCV,42,0.0,0
project1489.csv,0,DecisionTreeRegressor,GridSearchCV,43,3.0,6
project1489.csv,0,DecisionTreeRegressor,GridSearchCV,44,1.7647058823529411,11
project1489.csv,0,DecisionTreeRegressor,GridSearchCV,45,0.0,0
project1489.csv,0,DecisionTreeRegressor,GridSearchCV,46,6.909090909090909,2
project1489.csv,0,DecisionTreeRegressor,GridSearchCV,47,0.0,0
project1489.csv,0,DecisionTreeRegressor,GridSearchCV,48,1.0,3
project1493.csv,0,DecisionTreeRegressor,GridSearchCV,0,177.0,100
project1493.csv,0,DecisionTreeRegressor,GridSearchCV,1,210.0,171
project1493.csv,0,DecisionTreeRegressor,GridSearchCV,2,171.0,42
project1493.csv,0,DecisionTreeRegressor,GridSearchCV,3,149.33333333333334,66
project1493.csv,0,DecisionTreeRegressor,GridSearchCV,4,42.0,76
project1493.csv,0,DecisionTreeRegressor,GridSearchCV,5,91.0,47
project1493.csv,0,DecisionTreeRegressor,GridSearchCV,6,83.66666666666667,49
project1493.csv,0,DecisionTreeRegressor,GridSearchCV,7,49.0,120
project1493.csv,0,DecisionTreeRegressor,GridSearchCV,8,76.0,76
project1493.csv,0,DecisionTreeRegressor,GridSearchCV,9,68.0,158
project1493.csv,0,DecisionTreeRegressor,GridSearchCV,10,98.36363636363636,147
project1493.csv,0,DecisionTreeRegressor,GridSearchCV,11,76.0,72
project1493.csv,0,DecisionTreeRegressor,GridSearchCV,12,133.5,112
project1493.csv,0,DecisionTreeRegressor,GridSearchCV,13,171.0,70
project1493.csv,0,DecisionTreeRegressor,GridSearchCV,14,47.0,94
project1493.csv,0,DecisionTreeRegressor,GridSearchCV,15,100.0,21
project1493.csv,0,DecisionTreeRegressor,GridSearchCV,16,94.0,35
project1493.csv,0,DecisionTreeRegressor,GridSearchCV,17,21.0,34
project1493.csv,0,DecisionTreeRegressor,GridSearchCV,18,46.0,101
project1493.csv,0,DecisionTreeRegressor,GridSearchCV,19,34.0,87
project1493.csv,0,DecisionTreeRegressor,GridSearchCV,20,78.16666666666667,118
project1493.csv,0,DecisionTreeRegressor,GridSearchCV,21,89.68181818181819,48
project1493.csv,0,DecisionTreeRegressor,GridSearchCV,22,59.23076923076923,29
project1493.csv,0,DecisionTreeRegressor,GridSearchCV,23,45.8,38
project1493.csv,0,DecisionTreeRegressor,GridSearchCV,24,48.0,82
project1493.csv,0,DecisionTreeRegressor,GridSearchCV,25,32.666666666666664,47
project1493.csv,0,DecisionTreeRegressor,GridSearchCV,26,45.25,23
project1493.csv,0,DecisionTreeRegressor,GridSearchCV,27,36.5,48
project1493.csv,0,DecisionTreeRegressor,GridSearchCV,28,47.6,16
project1493.csv,0,DecisionTreeRegressor,GridSearchCV,29,107.46153846153847,28
project1493.csv,0,DecisionTreeRegressor,GridSearchCV,30,122.85714285714286,122
project1493.csv,0,DecisionTreeRegressor,GridSearchCV,31,55.125,4
project1493.csv,0,DecisionTreeRegressor,GridSearchCV,32,29.0,50
project1493.csv,0,DecisionTreeRegressor,GridSearchCV,33,52.0,43
project1493.csv,0,DecisionTreeRegressor,GridSearchCV,34,122.75,78
project1493.csv,0,DecisionTreeRegressor,GridSearchCV,35,117.77777777777777,70
project1493.csv,0,DecisionTreeRegressor,GridSearchCV,36,51.526315789473685,38
project1493.csv,0,DecisionTreeRegressor,GridSearchCV,37,43.526315789473685,105
project1493.csv,0,DecisionTreeRegressor,GridSearchCV,38,67.55555555555556,29
project1493.csv,0,DecisionTreeRegressor,GridSearchCV,39,105.0,21
project1493.csv,0,DecisionTreeRegressor,GridSearchCV,40,35.23076923076923,17
project1493.csv,0,DecisionTreeRegressor,GridSearchCV,41,56.76,7
project1493.csv,0,DecisionTreeRegressor,GridSearchCV,42,24.75,3
project1502.csv,0,DecisionTreeRegressor,GridSearchCV,0,132.0,24
project1502.csv,0,DecisionTreeRegressor,GridSearchCV,1,36.0,51
project1502.csv,0,DecisionTreeRegressor,GridSearchCV,2,41.0,38
project1502.csv,0,DecisionTreeRegressor,GridSearchCV,3,24.0,16
project1502.csv,0,DecisionTreeRegressor,GridSearchCV,4,51.0,57
project1502.csv,0,DecisionTreeRegressor,GridSearchCV,5,57.0,376
project1502.csv,0,DecisionTreeRegressor,GridSearchCV,6,376.0,174
project1502.csv,0,DecisionTreeRegressor,GridSearchCV,7,376.0,163
project1502.csv,0,DecisionTreeRegressor,GridSearchCV,8,163.0,169
project1502.csv,0,DecisionTreeRegressor,GridSearchCV,9,163.0,241
project1502.csv,0,DecisionTreeRegressor,GridSearchCV,10,38.0,56
project1502.csv,0,DecisionTreeRegressor,GridSearchCV,11,132.0,103
project1502.csv,0,DecisionTreeRegressor,GridSearchCV,12,38.0,36
project1502.csv,0,DecisionTreeRegressor,GridSearchCV,13,56.1,91
project1502.csv,0,DecisionTreeRegressor,GridSearchCV,14,91.0,147
project1502.csv,0,DecisionTreeRegressor,GridSearchCV,15,241.0,219
project1502.csv,0,DecisionTreeRegressor,GridSearchCV,16,202.625,313
project1502.csv,0,DecisionTreeRegressor,GridSearchCV,17,51.0,89
project1502.csv,0,DecisionTreeRegressor,GridSearchCV,18,38.0,20
project1502.csv,0,DecisionTreeRegressor,GridSearchCV,19,37.0,25
project1502.csv,0,DecisionTreeRegressor,GridSearchCV,20,89.0,41
project1502.csv,0,DecisionTreeRegressor,GridSearchCV,21,41.0,51
project1502.csv,0,DecisionTreeRegressor,GridSearchCV,22,38.0,82
project1502.csv,0,DecisionTreeRegressor,GridSearchCV,23,36.0,61
project1502.csv,0,DecisionTreeRegressor,GridSearchCV,24,89.0,71
project1502.csv,0,DecisionTreeRegressor,GridSearchCV,25,47.0,40
project1502.csv,0,DecisionTreeRegressor,GridSearchCV,26,52.0,34
project1502.csv,0,DecisionTreeRegressor,GridSearchCV,27,183.25,57
project1502.csv,0,DecisionTreeRegressor,GridSearchCV,28,236.42857142857142,113
project1502.csv,0,DecisionTreeRegressor,GridSearchCV,29,163.0,164
project1502.csv,0,DecisionTreeRegressor,GridSearchCV,30,189.25,260
project1502.csv,0,DecisionTreeRegressor,GridSearchCV,31,71.0,93
project1502.csv,0,DecisionTreeRegressor,GridSearchCV,32,42.5,126
project1502.csv,0,DecisionTreeRegressor,GridSearchCV,33,132.0,115
project1502.csv,0,DecisionTreeRegressor,GridSearchCV,34,101.1,60
project1502.csv,0,DecisionTreeRegressor,GridSearchCV,35,198.92307692307693,98
project1502.csv,0,DecisionTreeRegressor,GridSearchCV,36,231.0,193
project1502.csv,0,DecisionTreeRegressor,GridSearchCV,37,137.625,72
project1502.csv,0,DecisionTreeRegressor,GridSearchCV,38,86.16666666666667,38
project1502.csv,0,DecisionTreeRegressor,GridSearchCV,39,81.88235294117646,31
project1502.csv,0,DecisionTreeRegressor,GridSearchCV,40,79.44444444444444,37
project1502.csv,0,DecisionTreeRegressor,GridSearchCV,41,38.75,15
project1502.csv,0,DecisionTreeRegressor,GridSearchCV,42,73.61111111111111,30
project1502.csv,0,DecisionTreeRegressor,GridSearchCV,43,202.69230769230768,58
project1502.csv,0,DecisionTreeRegressor,GridSearchCV,44,62.666666666666664,52
project1502.csv,0,DecisionTreeRegressor,GridSearchCV,45,74.52173913043478,70
project1502.csv,0,DecisionTreeRegressor,GridSearchCV,46,60.916666666666664,45
project1502.csv,0,DecisionTreeRegressor,GridSearchCV,47,52.0,68
project1502.csv,0,DecisionTreeRegressor,GridSearchCV,48,63.15384615384615,25
project1502.csv,0,DecisionTreeRegressor,GridSearchCV,49,59.82051282051282,21
project1502.csv,0,DecisionTreeRegressor,GridSearchCV,50,75.54545454545455,46
project1502.csv,0,DecisionTreeRegressor,GridSearchCV,51,34.61538461538461,15
project1524.csv,0,DecisionTreeRegressor,GridSearchCV,0,83.0,279
project1524.csv,0,DecisionTreeRegressor,GridSearchCV,1,181.0,155
project1524.csv,0,DecisionTreeRegressor,GridSearchCV,2,103.0,38
project1524.csv,0,DecisionTreeRegressor,GridSearchCV,3,94.75,49
project1524.csv,0,DecisionTreeRegressor,GridSearchCV,4,279.0,85
project1524.csv,0,DecisionTreeRegressor,GridSearchCV,5,85.5,64
project1524.csv,0,DecisionTreeRegressor,GridSearchCV,6,82.42857142857143,42
project1524.csv,0,DecisionTreeRegressor,GridSearchCV,7,101.625,28
project1524.csv,0,DecisionTreeRegressor,GridSearchCV,8,83.0,31
project1524.csv,0,DecisionTreeRegressor,GridSearchCV,9,53.0,39
project1524.csv,0,DecisionTreeRegressor,GridSearchCV,10,65.18181818181819,33
project1524.csv,0,DecisionTreeRegressor,GridSearchCV,11,50.5,29
project1524.csv,0,DecisionTreeRegressor,GridSearchCV,12,31.0,13
project1524.csv,0,DecisionTreeRegressor,GridSearchCV,13,103.0,23
project1524.csv,0,DecisionTreeRegressor,GridSearchCV,14,31.0,70
project1524.csv,0,DecisionTreeRegressor,GridSearchCV,15,31.0,29
project1524.csv,0,DecisionTreeRegressor,GridSearchCV,16,13.0,14
project1524.csv,0,DecisionTreeRegressor,GridSearchCV,17,14.0,13
project1524.csv,0,DecisionTreeRegressor,GridSearchCV,18,85.0,23
project1524.csv,0,DecisionTreeRegressor,GridSearchCV,19,43.333333333333336,35
project1524.csv,0,DecisionTreeRegressor,GridSearchCV,20,13.0,5
project1524.csv,0,DecisionTreeRegressor,GridSearchCV,21,30.428571428571427,19
project1524.csv,0,DecisionTreeRegressor,GridSearchCV,22,14.0,16
project1524.csv,0,DecisionTreeRegressor,GridSearchCV,23,31.307692307692307,2
project1524.csv,0,DecisionTreeRegressor,GridSearchCV,24,38.0,15
project1524.csv,0,DecisionTreeRegressor,GridSearchCV,25,13.0,10
project1524.csv,0,DecisionTreeRegressor,GridSearchCV,26,64.0,7
project1524.csv,0,DecisionTreeRegressor,GridSearchCV,27,7.0,3
project1524.csv,0,DecisionTreeRegressor,GridSearchCV,28,64.0,13
project1524.csv,0,DecisionTreeRegressor,GridSearchCV,29,11.4,6
project1524.csv,0,DecisionTreeRegressor,GridSearchCV,30,15.5,25
project1524.csv,0,DecisionTreeRegressor,GridSearchCV,31,48.8125,28
project1524.csv,0,DecisionTreeRegressor,GridSearchCV,32,54.0,62
project1524.csv,0,DecisionTreeRegressor,GridSearchCV,33,28.0,17
project1524.csv,0,DecisionTreeRegressor,GridSearchCV,34,15.5,14
project1524.csv,0,DecisionTreeRegressor,GridSearchCV,35,35.666666666666664,33
project1524.csv,0,DecisionTreeRegressor,GridSearchCV,36,19.0,19
project1524.csv,0,DecisionTreeRegressor,GridSearchCV,37,15.5,16
project1524.csv,0,DecisionTreeRegressor,GridSearchCV,38,10.857142857142858,14
project1524.csv,0,DecisionTreeRegressor,GridSearchCV,39,6.5,9
project1524.csv,0,DecisionTreeRegressor,GridSearchCV,40,14.0,13
project1524.csv,0,DecisionTreeRegressor,GridSearchCV,41,13.0,3
project1524.csv,0,DecisionTreeRegressor,GridSearchCV,42,38.4375,24
project1524.csv,0,DecisionTreeRegressor,GridSearchCV,43,13.5,1
project1524.csv,0,DecisionTreeRegressor,GridSearchCV,44,14.0,36
project1526.csv,0,DecisionTreeRegressor,GridSearchCV,0,363.0,288
project1526.csv,0,DecisionTreeRegressor,GridSearchCV,1,325.5,119
project1526.csv,0,DecisionTreeRegressor,GridSearchCV,2,72.0,14
project1526.csv,0,DecisionTreeRegressor,GridSearchCV,3,14.0,12
project1526.csv,0,DecisionTreeRegressor,GridSearchCV,4,12.0,13
project1526.csv,0,DecisionTreeRegressor,GridSearchCV,5,119.0,28
project1526.csv,0,DecisionTreeRegressor,GridSearchCV,6,13.0,30
project1526.csv,0,DecisionTreeRegressor,GridSearchCV,7,34.42857142857143,16
project1526.csv,0,DecisionTreeRegressor,GridSearchCV,8,14.0,28
project1526.csv,0,DecisionTreeRegressor,GridSearchCV,9,28.0,19
project1526.csv,0,DecisionTreeRegressor,GridSearchCV,10,30.0,10
project1526.csv,0,DecisionTreeRegressor,GridSearchCV,11,28.545454545454547,26
project1526.csv,0,DecisionTreeRegressor,GridSearchCV,12,18.0,10
project1526.csv,0,DecisionTreeRegressor,GridSearchCV,13,25.0,0
project1526.csv,0,DecisionTreeRegressor,GridSearchCV,14,25.0,7
project1526.csv,0,DecisionTreeRegressor,GridSearchCV,15,23.8,3
project1526.csv,0,DecisionTreeRegressor,GridSearchCV,16,10.0,16
project1526.csv,0,DecisionTreeRegressor,GridSearchCV,17,22.11764705882353,14
project1526.csv,0,DecisionTreeRegressor,GridSearchCV,18,14.0,8
project1526.csv,0,DecisionTreeRegressor,GridSearchCV,19,20.94736842105263,28
project1526.csv,0,DecisionTreeRegressor,GridSearchCV,20,21.3,21
project1526.csv,0,DecisionTreeRegressor,GridSearchCV,21,7.25,1
project1526.csv,0,DecisionTreeRegressor,GridSearchCV,22,21.5,10
project1526.csv,0,DecisionTreeRegressor,GridSearchCV,23,18.266666666666666,85
project1526.csv,0,DecisionTreeRegressor,GridSearchCV,24,18.176470588235293,28
project1526.csv,0,DecisionTreeRegressor,GridSearchCV,25,10.0,23
project1526.csv,0,DecisionTreeRegressor,GridSearchCV,26,6.0,10
project1526.csv,0,DecisionTreeRegressor,GridSearchCV,27,7.5,10
project1526.csv,0,DecisionTreeRegressor,GridSearchCV,28,7.0,16
project1526.csv,0,DecisionTreeRegressor,GridSearchCV,29,18.94736842105263,10
project1526.csv,0,DecisionTreeRegressor,GridSearchCV,30,13.263157894736842,17
project1526.csv,0,DecisionTreeRegressor,GridSearchCV,31,10.0,13
project1526.csv,0,DecisionTreeRegressor,GridSearchCV,32,13.0,11
project1526.csv,0,DecisionTreeRegressor,GridSearchCV,33,41.61538461538461,20
project1526.csv,0,DecisionTreeRegressor,GridSearchCV,34,17.0,10
project1526.csv,0,DecisionTreeRegressor,GridSearchCV,35,16.88888888888889,4
project1526.csv,0,DecisionTreeRegressor,GridSearchCV,36,24.125,13
project1526.csv,0,DecisionTreeRegressor,GridSearchCV,37,4.0,10
project1526.csv,0,DecisionTreeRegressor,GridSearchCV,38,9.166666666666666,8
project1526.csv,0,DecisionTreeRegressor,GridSearchCV,39,10.0,14
project1526.csv,0,DecisionTreeRegressor,GridSearchCV,40,16.5,11
project1526.csv,0,DecisionTreeRegressor,GridSearchCV,41,18.804878048780488,9
project1526.csv,0,DecisionTreeRegressor,GridSearchCV,42,13.0,9
project1526.csv,0,DecisionTreeRegressor,GridSearchCV,43,12.5,18
project1526.csv,0,DecisionTreeRegressor,GridSearchCV,44,13.833333333333334,12
project1526.csv,0,DecisionTreeRegressor,GridSearchCV,45,8.857142857142858,7
project1526.csv,0,DecisionTreeRegressor,GridSearchCV,46,22.88888888888889,6
project1526.csv,0,DecisionTreeRegressor,GridSearchCV,47,7.3,6
project1526.csv,0,DecisionTreeRegressor,GridSearchCV,48,7.181818181818182,16
project1526.csv,0,DecisionTreeRegressor,GridSearchCV,49,10.066666666666666,9
project1540.csv,0,DecisionTreeRegressor,GridSearchCV,0,13.0,4
project1540.csv,0,DecisionTreeRegressor,GridSearchCV,1,3.0,2
project1540.csv,0,DecisionTreeRegressor,GridSearchCV,2,13.0,31
project1540.csv,0,DecisionTreeRegressor,GridSearchCV,3,2.0,5
project1540.csv,0,DecisionTreeRegressor,GridSearchCV,4,5.0,6
project1540.csv,0,DecisionTreeRegressor,GridSearchCV,5,6.0,8
project1540.csv,0,DecisionTreeRegressor,GridSearchCV,6,13.0,0
project1540.csv,0,DecisionTreeRegressor,GridSearchCV,7,2.0,5
project1540.csv,0,DecisionTreeRegressor,GridSearchCV,8,8.0,62
project1540.csv,0,DecisionTreeRegressor,GridSearchCV,9,5.0,12
project1540.csv,0,DecisionTreeRegressor,GridSearchCV,10,12.0,2
project1540.csv,0,DecisionTreeRegressor,GridSearchCV,11,13.0,18
project1540.csv,0,DecisionTreeRegressor,GridSearchCV,12,0.0,1
project1540.csv,0,DecisionTreeRegressor,GridSearchCV,13,13.0,0
project1540.csv,0,DecisionTreeRegressor,GridSearchCV,14,0.5,0
project1540.csv,0,DecisionTreeRegressor,GridSearchCV,15,0.0,0
project1540.csv,0,DecisionTreeRegressor,GridSearchCV,16,2.9,0
project1540.csv,0,DecisionTreeRegressor,GridSearchCV,17,4.0,0
project1540.csv,0,DecisionTreeRegressor,GridSearchCV,18,0.75,2
project1540.csv,0,DecisionTreeRegressor,GridSearchCV,19,2.5625,0
project1540.csv,0,DecisionTreeRegressor,GridSearchCV,20,8.0,6
project1540.csv,0,DecisionTreeRegressor,GridSearchCV,21,0.0,0
project1540.csv,0,DecisionTreeRegressor,GridSearchCV,22,1.6666666666666667,2
project1540.csv,0,DecisionTreeRegressor,GridSearchCV,23,0.0,0
project1540.csv,0,DecisionTreeRegressor,GridSearchCV,24,2.15,0
project1540.csv,0,DecisionTreeRegressor,GridSearchCV,25,6.0,0
project1540.csv,0,DecisionTreeRegressor,GridSearchCV,26,2.6666666666666665,1
project1540.csv,0,DecisionTreeRegressor,GridSearchCV,27,6.0,1
project1540.csv,0,DecisionTreeRegressor,GridSearchCV,28,1.0,1
project1540.csv,0,DecisionTreeRegressor,GridSearchCV,29,1.0,1
project1540.csv,0,DecisionTreeRegressor,GridSearchCV,30,0.0,0
project1540.csv,0,DecisionTreeRegressor,GridSearchCV,31,0.38461538461538464,0
project1540.csv,0,DecisionTreeRegressor,GridSearchCV,32,0.0,0
project1540.csv,0,DecisionTreeRegressor,GridSearchCV,33,5.0,0
project1540.csv,0,DecisionTreeRegressor,GridSearchCV,34,2.0,0
project1540.csv,0,DecisionTreeRegressor,GridSearchCV,35,0.0,0
project1540.csv,0,DecisionTreeRegressor,GridSearchCV,36,1.0,1
project1540.csv,0,DecisionTreeRegressor,GridSearchCV,37,0.0,0
project1540.csv,0,DecisionTreeRegressor,GridSearchCV,38,11.25,2
project1540.csv,0,DecisionTreeRegressor,GridSearchCV,39,0.5789473684210527,0
project1540.csv,0,DecisionTreeRegressor,GridSearchCV,40,0.0,0
project1540.csv,0,DecisionTreeRegressor,GridSearchCV,41,0.0,0
project1540.csv,0,DecisionTreeRegressor,GridSearchCV,42,3.0,7
project1546.csv,0,DecisionTreeRegressor,GridSearchCV,0,0.0,1
project1546.csv,0,DecisionTreeRegressor,GridSearchCV,1,0.5,0
project1546.csv,0,DecisionTreeRegressor,GridSearchCV,2,0.0,2
project1546.csv,0,DecisionTreeRegressor,GridSearchCV,3,0.0,0
project1546.csv,0,DecisionTreeRegressor,GridSearchCV,4,56.0,25
project1546.csv,0,DecisionTreeRegressor,GridSearchCV,5,25.0,28
project1546.csv,0,DecisionTreeRegressor,GridSearchCV,6,28.0,25
project1546.csv,0,DecisionTreeRegressor,GridSearchCV,7,25.0,17
project1546.csv,0,DecisionTreeRegressor,GridSearchCV,8,25.0,52
project1546.csv,0,DecisionTreeRegressor,GridSearchCV,9,52.0,37
project1546.csv,0,DecisionTreeRegressor,GridSearchCV,10,56.0,18
project1546.csv,0,DecisionTreeRegressor,GridSearchCV,11,3.3333333333333335,0
project1546.csv,0,DecisionTreeRegressor,GridSearchCV,12,18.0,2
project1546.csv,0,DecisionTreeRegressor,GridSearchCV,13,18.0,4
project1546.csv,0,DecisionTreeRegressor,GridSearchCV,14,12.714285714285714,14
project1546.csv,0,DecisionTreeRegressor,GridSearchCV,15,1.0,6
project1546.csv,0,DecisionTreeRegressor,GridSearchCV,16,27.4,0
project1546.csv,0,DecisionTreeRegressor,GridSearchCV,17,28.555555555555557,10
project1546.csv,0,DecisionTreeRegressor,GridSearchCV,18,1.5,9
project1546.csv,0,DecisionTreeRegressor,GridSearchCV,19,3.1818181818181817,0
project1546.csv,0,DecisionTreeRegressor,GridSearchCV,20,10.529411764705882,0
project1546.csv,0,DecisionTreeRegressor,GridSearchCV,21,10.333333333333334,0
project1546.csv,0,DecisionTreeRegressor,GridSearchCV,22,1.5,0
project1546.csv,0,DecisionTreeRegressor,GridSearchCV,23,2.6,5
project1546.csv,0,DecisionTreeRegressor,GridSearchCV,24,2.5,0
project1546.csv,0,DecisionTreeRegressor,GridSearchCV,25,22.53846153846154,7
project1546.csv,0,DecisionTreeRegressor,GridSearchCV,26,1.2857142857142858,11
project1546.csv,0,DecisionTreeRegressor,GridSearchCV,27,3.263157894736842,15
project1546.csv,0,DecisionTreeRegressor,GridSearchCV,28,3.0526315789473686,2
project1546.csv,0,DecisionTreeRegressor,GridSearchCV,29,2.0,1
project1546.csv,0,DecisionTreeRegressor,GridSearchCV,30,1.0,0
project1546.csv,0,DecisionTreeRegressor,GridSearchCV,31,10.0,11
project1546.csv,0,DecisionTreeRegressor,GridSearchCV,32,11.0,8
project1546.csv,0,DecisionTreeRegressor,GridSearchCV,33,0.0,0
project1546.csv,0,DecisionTreeRegressor,GridSearchCV,34,8.0,4
project1546.csv,0,DecisionTreeRegressor,GridSearchCV,35,2.0,2
project1546.csv,0,DecisionTreeRegressor,GridSearchCV,36,0.0,0
project1546.csv,0,DecisionTreeRegressor,GridSearchCV,37,6.0,11
project1546.csv,0,DecisionTreeRegressor,GridSearchCV,38,5.0,4
project1546.csv,0,DecisionTreeRegressor,GridSearchCV,39,11.0,5
project1546.csv,0,DecisionTreeRegressor,GridSearchCV,40,0.0,0
project1546.csv,0,DecisionTreeRegressor,GridSearchCV,41,5.25,4
project1546.csv,0,DecisionTreeRegressor,GridSearchCV,42,1.6666666666666667,1
project1546.csv,0,DecisionTreeRegressor,GridSearchCV,43,1.5714285714285714,1
project1546.csv,0,DecisionTreeRegressor,GridSearchCV,44,56.0,3
project1546.csv,0,DecisionTreeRegressor,GridSearchCV,45,1.6111111111111112,1
project1546.csv,0,DecisionTreeRegressor,GridSearchCV,46,23.88888888888889,7
project1546.csv,0,DecisionTreeRegressor,GridSearchCV,47,1.0,1
project1546.csv,0,DecisionTreeRegressor,GridSearchCV,48,1.0,2
project1546.csv,0,DecisionTreeRegressor,GridSearchCV,49,11.0,4
project1546.csv,0,DecisionTreeRegressor,GridSearchCV,50,5.2727272727272725,2
project1546.csv,0,DecisionTreeRegressor,GridSearchCV,51,21.2,4
project1546.csv,0,DecisionTreeRegressor,GridSearchCV,52,25.0,8
project1546.csv,0,DecisionTreeRegressor,GridSearchCV,53,5.3,6
project1546.csv,0,DecisionTreeRegressor,GridSearchCV,54,2.0,2
project1546.csv,0,DecisionTreeRegressor,GridSearchCV,55,2.75,3
project1546.csv,0,DecisionTreeRegressor,GridSearchCV,56,0.0,0
project1546.csv,0,DecisionTreeRegressor,GridSearchCV,57,0.0,0
project1546.csv,0,DecisionTreeRegressor,GridSearchCV,58,2.1666666666666665,16
project1553.csv,0,DecisionTreeRegressor,GridSearchCV,0,76.0,49
project1553.csv,0,DecisionTreeRegressor,GridSearchCV,1,49.0,47
project1553.csv,0,DecisionTreeRegressor,GridSearchCV,2,48.333333333333336,41
project1553.csv,0,DecisionTreeRegressor,GridSearchCV,3,49.0,47
project1553.csv,0,DecisionTreeRegressor,GridSearchCV,4,76.0,57
project1553.csv,0,DecisionTreeRegressor,GridSearchCV,5,49.0,27
project1553.csv,0,DecisionTreeRegressor,GridSearchCV,6,49.125,30
project1553.csv,0,DecisionTreeRegressor,GridSearchCV,7,47.0,43
project1553.csv,0,DecisionTreeRegressor,GridSearchCV,8,46.6,54
project1553.csv,0,DecisionTreeRegressor,GridSearchCV,9,47.27272727272727,14
project1553.csv,0,DecisionTreeRegressor,GridSearchCV,10,40.1,17
project1553.csv,0,DecisionTreeRegressor,GridSearchCV,11,42.38461538461539,8
project1553.csv,0,DecisionTreeRegressor,GridSearchCV,12,51.0,68
project1553.csv,0,DecisionTreeRegressor,GridSearchCV,13,49.0,22
project1553.csv,0,DecisionTreeRegressor,GridSearchCV,14,30.555555555555557,19
project1553.csv,0,DecisionTreeRegressor,GridSearchCV,15,42.15384615384615,46
project1553.csv,0,DecisionTreeRegressor,GridSearchCV,16,46.0,32
project1553.csv,0,DecisionTreeRegressor,GridSearchCV,17,31.636363636363637,35
project1553.csv,0,DecisionTreeRegressor,GridSearchCV,18,30.90909090909091,9
project1553.csv,0,DecisionTreeRegressor,GridSearchCV,19,49.0,27
project1553.csv,0,DecisionTreeRegressor,GridSearchCV,20,38.94117647058823,23
project1553.csv,0,DecisionTreeRegressor,GridSearchCV,21,29.5,8
project1553.csv,0,DecisionTreeRegressor,GridSearchCV,22,31.75,28
project1553.csv,0,DecisionTreeRegressor,GridSearchCV,23,26.88888888888889,12
project1553.csv,0,DecisionTreeRegressor,GridSearchCV,24,24.333333333333332,12
project1553.csv,0,DecisionTreeRegressor,GridSearchCV,25,26.666666666666668,32
project1553.csv,0,DecisionTreeRegressor,GridSearchCV,26,32.0,34
project1553.csv,0,DecisionTreeRegressor,GridSearchCV,27,33.310344827586206,25
project1553.csv,0,DecisionTreeRegressor,GridSearchCV,28,21.928571428571427,20
project1553.csv,0,DecisionTreeRegressor,GridSearchCV,29,21.8,13
project1553.csv,0,DecisionTreeRegressor,GridSearchCV,30,23.583333333333332,24
project1553.csv,0,DecisionTreeRegressor,GridSearchCV,31,27.307692307692307,33
project1553.csv,0,DecisionTreeRegressor,GridSearchCV,32,21.307692307692307,58
project1553.csv,0,DecisionTreeRegressor,GridSearchCV,33,52.57142857142857,23
project1553.csv,0,DecisionTreeRegressor,GridSearchCV,34,23.0,33
project1553.csv,0,DecisionTreeRegressor,GridSearchCV,35,47.875,9
project1553.csv,0,DecisionTreeRegressor,GridSearchCV,36,29.941176470588236,37
project1553.csv,0,DecisionTreeRegressor,GridSearchCV,37,29.0,45
project1553.csv,0,DecisionTreeRegressor,GridSearchCV,38,19.4,35
project1553.csv,0,DecisionTreeRegressor,GridSearchCV,39,28.91176470588235,33
project1553.csv,0,DecisionTreeRegressor,GridSearchCV,40,29.151515151515152,44
project1553.csv,0,DecisionTreeRegressor,GridSearchCV,41,34.0,28
project1626.csv,0,DecisionTreeRegressor,GridSearchCV,0,10.0,21
project1626.csv,0,DecisionTreeRegressor,GridSearchCV,1,21.0,36
project1626.csv,0,DecisionTreeRegressor,GridSearchCV,2,21.0,44
project1626.csv,0,DecisionTreeRegressor,GridSearchCV,3,21.0,64
project1626.csv,0,DecisionTreeRegressor,GridSearchCV,4,64.0,50
project1626.csv,0,DecisionTreeRegressor,GridSearchCV,5,48.5,87
project1626.csv,0,DecisionTreeRegressor,GridSearchCV,6,87.0,42
project1626.csv,0,DecisionTreeRegressor,GridSearchCV,7,53.833333333333336,29
project1626.csv,0,DecisionTreeRegressor,GridSearchCV,8,87.0,75
project1626.csv,0,DecisionTreeRegressor,GridSearchCV,9,75.0,90
project1626.csv,0,DecisionTreeRegressor,GridSearchCV,10,75.0,142
project1626.csv,0,DecisionTreeRegressor,GridSearchCV,11,142.0,118
project1626.csv,0,DecisionTreeRegressor,GridSearchCV,12,87.0,88
project1626.csv,0,DecisionTreeRegressor,GridSearchCV,13,88.0,98
project1626.csv,0,DecisionTreeRegressor,GridSearchCV,14,75.0,70
project1626.csv,0,DecisionTreeRegressor,GridSearchCV,15,118.0,111
project1626.csv,0,DecisionTreeRegressor,GridSearchCV,16,118.0,113
project1626.csv,0,DecisionTreeRegressor,GridSearchCV,17,36.0,90
project1626.csv,0,DecisionTreeRegressor,GridSearchCV,18,113.0,179
project1626.csv,0,DecisionTreeRegressor,GridSearchCV,19,142.0,246
project1626.csv,0,DecisionTreeRegressor,GridSearchCV,20,179.0,235
project1626.csv,0,DecisionTreeRegressor,GridSearchCV,21,90.0,279
project1626.csv,0,DecisionTreeRegressor,GridSearchCV,22,29.0,144
project1626.csv,0,DecisionTreeRegressor,GridSearchCV,23,75.0,124
project1626.csv,0,DecisionTreeRegressor,GridSearchCV,24,144.0,124
project1626.csv,0,DecisionTreeRegressor,GridSearchCV,25,124.0,83
project1626.csv,0,DecisionTreeRegressor,GridSearchCV,26,279.0,304
project1626.csv,0,DecisionTreeRegressor,GridSearchCV,27,124.0,338
project1626.csv,0,DecisionTreeRegressor,GridSearchCV,28,338.0,154
project1626.csv,0,DecisionTreeRegressor,GridSearchCV,29,83.0,208
project1626.csv,0,DecisionTreeRegressor,GridSearchCV,30,154.0,189
project1626.csv,0,DecisionTreeRegressor,GridSearchCV,31,189.0,83
project1626.csv,0,DecisionTreeRegressor,GridSearchCV,32,149.0,64
project1626.csv,0,DecisionTreeRegressor,GridSearchCV,33,64.0,60
project1626.csv,0,DecisionTreeRegressor,GridSearchCV,34,124.0,134
project1626.csv,0,DecisionTreeRegressor,GridSearchCV,35,87.75,96
project1626.csv,0,DecisionTreeRegressor,GridSearchCV,36,208.0,83
project1626.csv,0,DecisionTreeRegressor,GridSearchCV,37,89.4,117
project1626.csv,0,DecisionTreeRegressor,GridSearchCV,38,50.0,51
project1626.csv,0,DecisionTreeRegressor,GridSearchCV,39,90.0,82
project1626.csv,0,DecisionTreeRegressor,GridSearchCV,40,279.0,83
project1626.csv,0,DecisionTreeRegressor,GridSearchCV,41,279.0,144
project1626.csv,0,DecisionTreeRegressor,GridSearchCV,42,83.0,101
project1626.csv,0,DecisionTreeRegressor,GridSearchCV,43,221.5,121
